{"arp":[0.000158994,0.000110923,0.000107998,0.000131861,0.000102103,0.000663673,0.000132471,0.000107668,0.000124948,0.000111101,0.000102679,0.000107971,0.000107971,0.000110414,0.000157841,0.000112152],"bcache":[0.000030414,0.000028019,0.000028131,0.000028719,0.000028459,0.000028171,0.000027953,0.000028984,0.000029961,0.000030689,0.000028051,0.000038364,0.000038364,0.000026741,0.000216842,0.000029622],"bonding":[0.000042068,0.00004113,0.00004043,0.000039192,0.000037849,0.00051457,0.000033415,0.000037859,0.000037284,0.000035851,0.0000421,0.000043513,0.000043513,0.000039599,0.000040823,0.000058833],"btrfs":[0.000027344,0.000030111,0.000031407,0.000034663,0.000029154,0.000028349,0.000049418,0.000030642,0.000038004,0.000026568,0.000029047,0.000027468,0.000027468,0.000031328,0.000027536,0.000038076],"conntrack":[0.000048882,0.000045701,0.000045807,0.000053809,0.000045259,0.000056137,0.000044567,0.000042623,0.000044621,0.000039529,0.000043611,0.000044005,0.000044005,0.000044184,0.000671956,0.000068906],"cpu":[0.000695165,0.000688593,0.000691416,0.000759647,0.000646995,0.000743805,0.000642476,0.000698455,0.000703765,0.00059859,0.000689938,0.000621264,0.000621264,0.000666024,0.000681716,0.000669789],"cpufreq":[0.000135506,0.000135121,0.000124123,0.000134451,0.000106988,0.000144905,0.000805328,0.000110003,0.000144389,0.000106778,0.000117738,0.000112502,0.000112502,0.000155783,0.000129262,0.000114037],"diskstats":[0.000208346,0.000167371,0.000161569,0.000189963,0.000163005,0.002250567,0.000200206,0.000157671,0.000202444,0.00016144,0.000169566,0.000184541,0.000184541,0.000151231,0.000162897,0.000159061],"edac":[0.000121292,0.000084033,0.000072855,0.000089625,0.00006631,0.00008833,0.000088932,0.000066388,0.000084801,0.000075906,0.000080154,0.000093391,0.000093391,0.000077131,0.000066776,0.000074745],"entropy":[0.000275724,0.000242784,0.000261665,0.000297143,0.000228097,0.000263351,0.000336673,0.00024465,0.000262863,0.000266429,0.000223888,0.000248248,0.000248248,0.000229105,0.000223968,0.000247528],"fibrechannel":[0.000036083,0.000062209,0.000034376,0.000036173,0.000035971,0.000030184,0.000034676,0.000043823,0.00003153,0.000035121,0.000035033,0.000032412,0.000032412,0.000032685,0.000036079,0.000033985],"filefd":[0.000085106,0.000092481,0.000086407,0.000081568,0.000070412,0.000071364,0.000069054,0.000081885,0.00007332,0.000072097,0.000094757,0.000072823,0.000072823,0.000070574,0.000078509,0.000083191],"filesystem":[0.000499375,0.000435496,0.000529982,0.000500425,0.000449105,0.000463509,0.000457735,0.000429076,0.000453005,0.000472162,0.000466163,0.000729541,0.000729541,0.000499052,0.00064683,0.00045778],"hwmon":[0.003140281,0.00223738,0.003007306,0.003693859,0.00212164,0.007046137,0.002071916,0.001951364,0.00415136,0.001909553,0.003351351,0.002003014,0.002003014,0.002651419,0.002213818,0.00223932],"infiniband":[0.000032104,0.000030642,0.000032219,0.000031737,0.000028503,0.000063934,0.000028582,0.000028956,0.000040095,0.000049028,0.000043579,0.000031705,0.000031705,0.000029479,0.000032335,0.000049465],"ipvs":[0.000050628,0.00004806,0.000046019,0.000068763,0.000045809,0.002206548,0.000050643,0.000044304,0.000052461,0.000047172,0.000049605,0.000063377,0.000063377,0.000044089,0.000048322,0.000049383],"loadavg":[0.000106177,0.000108483,0.000105928,0.000110661,0.000100875,0.000152194,0.000139811,0.000097393,0.000104502,0.000106397,0.000132981,0.000130297,0.000130297,0.000096021,0.000100461,0.000104072],"mdadm":[0.000100233,0.000085779,0.000080014,0.00008415,0.000068643,0.000074698,0.000069006,0.000099998,0.000078211,0.000092979,0.000651819,0.000073502,0.000073502,0.00007121,0.000076776,0.000083578],"meminfo":[0.000386375,0.000363934,0.001026985,0.000381932,0.000312081,0.000354048,0.000313121,0.000347318,0.000395838,0.000344338,0.000353265,0.000509768,0.000509768,0.000353098,0.000758544,0.000358727],"netclass":[0.004179874,0.004314354,0.006108682,0.004124584,0.003373818,0.003926334,0.003420344,0.003493044,0.004486705,0.00404546,0.00345655,0.005916179,0.005916179,0.004449659,0.003995032,0.004279534],"netdev":[0.000332814,0.000232691,0.00025974,0.00136813,0.000226551,0.000365962,0.000234209,0.000221642,0.001070102,0.00022235,0.000470981,0.000226902,0.000226902,0.000237045,0.0002283,0.0002468],"netstat":[0.001836393,0.001699129,0.00168685,0.002683076,0.001868271,0.002112788,0.001754908,0.001696298,0.001685669,0.001600601,0.001672896,0.00164521,0.00164521,0.001779818,0.004593527,0.001703584],"nfs":[0.000050395,0.000078969,0.000054116,0.000047019,0.000066988,0.000048978,0.000055829,0.000047392,0.00004999,0.00004114,0.000048445,0.000067148,0.000067148,0.000045194,0.000054889,0.000044373],"nfsd":[0.000043968,0.000059983,0.000050591,0.000045312,0.000060711,0.000039297,0.000041915,0.000043378,0.00004662,0.000040583,0.000040507,0.000074678,0.000074678,0.000043021,0.00004192,0.000042478],"nvme":[0.000042428,0.000046244,0.000043448,0.000040793,0.000043811,0.000041315,0.00004354,0.000043146,0.000045714,0.000044304,0.000041176,0.000040935,0.000040935,0.000037434,0.000038686,0.000041373],"powersupplyclass":[0.000858387,0.00077612,0.000720055,0.000779983,0.000712583,0.00080064,0.000945891,0.000734409,0.000774709,0.000735067,0.000800825,0.000992828,0.000992828,0.000721903,0.000726027,0.000759344],"pressure":[0.000071932,0.000055102,0.000057983,0.000068334,0.000057702,0.000076265,0.000052006,0.00005858,0.000053672,0.000058846,0.000074138,0.000055022,0.000055022,0.000096445,0.000059518,0.000070529],"rapl":[0.000075443,0.000055797,0.000056637,0.000070972,0.00004883,0.000065163,0.000063712,0.000068844,0.00006468,0.000049762,0.000059351,0.000051523,0.000051523,0.000088284,0.00006576,0.000054809],"schedstat":[0.000161902,0.000137684,0.000128219,0.000172365,0.000111447,0.000159056,0.000317818,0.000108709,0.00030286,0.000128152,0.000290196,0.00010617,0.00010617,0.000116473,0.000153777,0.000130365],"sockstat":[0.000518803,0.000275596,0.000276554,0.001476748,0.000266702,0.000370863,0.000258106,0.000270958,0.000847929,0.000280003,0.000359824,0.000254581,0.000254581,0.000271578,0.000298898,0.000281275],"softnet":[0.000133078,0.000117954,0.000124153,0.000152531,0.000091598,0.00011296,0.000108644,0.000094304,0.000105112,0.000091428,0.000134263,0.000087491,0.000087491,0.000109011,0.000094682,0.000169864],"stat":[0.00025496,0.000246863,0.000385965,0.000254606,0.00025558,0.000304423,0.000314468,0.000268992,0.000242244,0.000235924,0.000256186,0.000223333,0.000223333,0.000274259,0.00026252,0.000269342],"tapestats":[0.000054937,0.000069781,0.000046416,0.000740081,0.000042471,0.000045784,0.00006484,0.000043023,0.00004741,0.000045354,0.000057102,0.000044881,0.000044881,0.000043474,0.000055615,0.00004911],"textfile":[0.000036446,0.000021569,0.000021619,0.000022242,0.000020791,0.000047897,0.000020291,0.000019688,0.000023447,0.000022484,0.000019121,0.000019851,0.000019851,0.000019288,0.000022574,0.000031017],"thermal_zone":[0.000484098,0.000424509,0.000433245,0.000512934,0.000376165,0.000446239,0.000455027,0.000372911,0.000502249,0.00043451,0.000397714,0.000419188,0.000419188,0.000401525,0.000456474,0.000446444],"time":[0.000028444,0.000031605,0.000032985,0.000305301,0.000029431,0.000043505,0.000034338,0.000030972,0.000033878,0.000029657,0.00005918,0.000033135,0.000033135,0.00002991,0.000838601,0.00003304],"timex":[0.000025598,0.000025975,0.000179028,0.000029619,0.000023669,0.000033658,0.00002326,0.00002409,0.000025831,0.000039915,0.000023453,0.000033133,0.000033133,0.000024385,0.000097652,0.00002657],"udp_queues":[0.000288016,0.000251231,0.000271928,0.000264796,0.000269435,0.00024682,0.000250361,0.000278503,0.000282432,0.000243552,0.000233694,0.000259534,0.000259534,0.000260372,0.000257304,0.000238381],"uname":[0.0000398,0.000022582,0.000023447,0.000025818,0.000021284,0.000165458,0.000021349,0.000022834,0.000029211,0.000023495,0.000161414,0.000022742,0.000022742,0.000022052,0.000022504,0.000019066],